{
  "easingCurveWindowCollapsed" : true,
  "lastselectedPageIndex" : 1,
  "loopPlayBack" : false,
  "playbackSpeed" : 1,
  "playbackTime" : 5,
  "relativeMode" : false,
  "sceneOffset" : [
    985.77264905806123,
    674.71898670220196
  ],
  "sceneScale" : 0.51814814814814802,
  "timelineLength" : 164.59279888664295
}